Date,Time_UTC,Direction,Type,Counterparty,Amount_USD,Channel,Balance_After
2026-05-12,18:42:11,OUT,P2P transfer,Stonebridge Premier LLC,3220.00,internal,824.18
2026-05-08,21:08:33,OUT,P2P transfer,Stonebridge Premier LLC,3140.00,internal,4044.18
2026-05-03,22:18:42,OUT,P2P transfer,Stonebridge Premier LLC,2980.00,internal,7184.18
2026-04-26,19:55:08,OUT,P2P transfer,Stonebridge Premier LLC,3100.00,internal,10164.18
2026-05-11,12:30:42,IN,Direct Deposit - Employer payroll,Asheville Hospitality Group,2188.40,ach,13264.18
2026-05-08,14:18:55,OUT,POS,Whole Foods Asheville,128.40,outbound,11075.78
2026-05-05,20:42:18,OUT,POS,Lowe's Asheville,84.50,outbound,11204.18
2026-04-30,12:30:08,IN,Direct Deposit - Employer payroll,Asheville Hospitality Group,2188.40,ach,11288.68
2026-04-24,18:08:42,OUT,P2P transfer,Roommate split rent,860.00,internal,9100.28
